Workbook

Sheet Bitacora
A1: PROYECCIÓN SCOTIABANK
A3: PARÁMETROS | E3: TARIFAS POR PRODUCTO
A4: UF | B4: =[1]Parámetros!B5 -> 40543.07 | C4: ← viene de Parámetros!B5 | E4: Producto | F4: OT | G4: Tarifa S/IVA (UF) | H4: Tarifa C/IVA (UF) | I4: Tarifa S/IVA ($) | J4: Tarifa C/IVA ($) | L4: Producto | M4: OT
A5: Mes actual (1° día) | B5: =[1]Parámetros!B9 -> 46174 | C5: ← viene de Parámetros!B9 | E5: AVANCE EXTERNO | F5: 1220005 | G5: =[1]Parámetros!B25 -> 0.32 | H5: =G5*1.19 -> 0.3808 | I5: =G5*$B$4 -> 12973.782 | J5: =H5*$B$4 -> 15438.801 | L5: PLAN ZERO PER | M5: 1320030
A6: Mes anterior (1° día) | B6: =[1]Parámetros!B10 -> 46143 | E6: SEG. DESGRAVAMEN | G6: =[1]Parámetros!B26 -> 0.26890756 | H6: =G6*1.19 -> 0.32 | I6: =G6*$B$4 -> 10902.338 | J6: =H6*$B$4 -> 12973.782 | L6: TC ADICIONAL | M6: 1220056
A7: Días hábiles mes actual | B7: =[1]Parámetros!B11 -> 21 | E7: PAGO FLEXIBLE | F7: 1220007 | G7: =[1]Parámetros!B27 -> 0.315 | H7: =G7*1.19 -> 0.37485 | I7: =G7*$B$4 -> 12771.067 | J7: =H7*$B$4 -> 15197.57 | L7: TC TITULAR | M7: 1220055
A8: Días hábiles mes anterior | B8: =[1]Parámetros!B12 -> 19 | E8: PLAN ZERO OPERA | G8: =[1]Parámetros!B28 -> 0.5 | H8: =G8*1.19 -> 0.595 | I8: =G8*$B$4 -> 20271.535 | J8: =H8*$B$4 -> 24123.127 | L8: PAGO FLEXIBLE | M8: 1220007
A9: Días trabajados mes actual | B9: =COUNTA(B23:B43) -> 1 | C9: ← automático (cuenta filas con fecha) | E9: PLAN ZERO PER | F9: 1320030 | G9: =[1]Parámetros!B29 -> 0.8 | H9: =G9*1.19 -> 0.952 | I9: =G9*$B$4 -> 32434.456 | J9: =H9*$B$4 -> 38597.003 | L9: AVANCE EXTERNO | M9: 1220005
A10: Pago Backoffice fijo | B10: =[1]Parámetros!B15 -> 8000000 | E10: PER | G10: =[1]Parámetros!B30 -> 0.25378151 | H10: =G10*1.19 -> 0.302 | I10: =G10*$B$4 -> 10289.082 | J10: =H10*$B$4 -> 12244.007
A11: Pago WEB extra | B11: =[1]Parámetros!B16 -> 10000000 | E11: TC TITULAR | F11: 1220055 | G11: =[1]Parámetros!B31 -> 0.6 | H11: =G11*1.19 -> 0.714 | I11: =G11*$B$4 -> 24325.842 | J11: =H11*$B$4 -> 28947.752
E12: TC ADICIONAL | F12: 1220056 | G12: =[1]Parámetros!B32 -> 0.7 | H12: =G12*1.19 -> 0.833 | I12: =G12*$B$4 -> 28380.149 | J12: =H12*$B$4 -> 33772.377
E13: TC DIGITAL | G13: =[1]Parámetros!B33 -> 0.7 | H13: =G13*1.19 -> 0.833 | I13: =G13*$B$4 -> 28380.149 | J13: =H13*$B$4 -> 33772.377
E14: TC TSYS | G14: =[1]Parámetros!B34 -> 0 | H14: =G14*1.19 -> 0 | I14: =G14*$B$4 -> 0 | J14: =H14*$B$4 -> 0
A17: BITÁCORA DIARIA - MES ACTUAL (JUNIO)
A19: AVANCE EXTERNO | E19: SEGUROS DESGRAVAMEN | H19: PAGO FLEXIBLE | J19: PLAN ZERO | N19: PER | O19: TARJETA DE CRÉDITO
A21: Día | B21: Fecha | C21: Nro. Op. | D21: Monto $ | E21: Nro. Op. | F21: Monto $ | G21: % Cruce | H21: Nro. Op. | I21: Monto $ | J21: Nro. Op. | K21: PER | L21: % Cruce PER | M21: Zero+TC | N21: Nro. Op. | O21: Titular | P21: Adicional | Q21: Digital | R21: TSYS
A23: =IF(B23="","",TEXT(B23,"dddd")) -> lunes | B23: 46174 | C23: 21 | D23: 103175000 | E23: 9 | F23: 73040 | G23: 0.42857143 | H23: 27 | I23: 113386875 | J23: 5 | K23: 2 | L23: 0 | M23: 0 | N23: 4 | O23: 28 | P23: 8 | Q23: 0 | R23: 0
A24: =IF(B24="","",TEXT(B24,"dddd"))
A25: =IF(B25="","",TEXT(B25,"dddd"))
A26: =IF(B26="","",TEXT(B26,"dddd"))
A27: =IF(B27="","",TEXT(B27,"dddd"))
A28: =IF(B28="","",TEXT(B28,"dddd"))
A29: =IF(B29="","",TEXT(B29,"dddd"))
A30: =IF(B30="","",TEXT(B30,"dddd"))
A31: =IF(B31="","",TEXT(B31,"dddd"))
A32: =IF(B32="","",TEXT(B32,"dddd"))
A33: =IF(B33="","",TEXT(B33,"dddd"))
A34: =IF(B34="","",TEXT(B34,"dddd"))
A35: =IF(B35="","",TEXT(B35,"dddd"))
... A43: =IF(B43="","",TEXT(B43,"dddd"))
B44: Acumulado | C44: =SUM(C23:C43) -> 21 | D44: =SUM(D23:D43) -> 103175000 | E44: =SUM(E23:E43) -> 9 | F44: =SUM(F23:F43) -> 73040 | G44: =IFERROR(AVERAGE(G23:G43),0) -> 0.42857143 | H44: =SUM(H23:H43) -> 27 | I44: =SUM(I23:I43) -> 113386875 | J44: =SUM(J23:J43) -> 5 | K44: =SUM(K23:K43) -> 2 | L44: =SUM(L23:L43) -> 0 | M44: =SUM(M23:M43) -> 0 | N44: =SUM(N23:N43) -> 4 | O44: =SUM(O23:O43) -> 28 | ... R44: =SUM(R23:R43) -> 0
A46: BITÁCORA DIARIA - MES ANTERIOR (MAYO)
A48: AVANCE EXTERNO | E48: SEGUROS DESGRAVAMEN | H48: PAGO FLEXIBLE | J48: PLAN ZERO | N48: PER | O48: TARJETA DE CRÉDITO
A50: Día | B50: Fecha | C50: Nro. Op. | D50: Monto $ | E50: Nro. Op. | F50: Monto $ | G50: % Cruce | H50: Nro. Op. | I50: Monto $ | J50: Nro. Op. | K50: PER | L50: % Cruce PER | M50: Zero+TC | N50: Nro. Op. | O50: Titular | P50: Adicional | Q50: Digital | R50: TSYS
A52: =IF(B52="","",TEXT(B52,"dddd")) -> lunes | B52: 46146 | C52: 5 | D52: 12300000 | E52: 1 | F52: 8037 | G52: 0.2 | H52: 29 | I52: 100824384 | J52: 6 | K52: 1 | L52: 0 | M52: 0 | N52: 19 | O52: 8 | P52: 6 | Q52: 0 | R52: 0
A53: =IF(B53="","",TEXT(B53,"dddd")) -> martes | B53: 46147 | C53: 18 | D53: 54535000 | E53: 1 | F53: 8040 | G53: 0.055555556 | H53: 90 | I53: 353989572 | J53: 11 | K53: 3 | L53: 0 | M53: 0 | N53: 16 | O53: 85 | P53: 42 | Q53: 2 | R53: 0
A54: =IF(B54="","",TEXT(B54,"dddd")) -> miércoles | B54: 46148 | C54: 29 | D54: 80897000 | E54: 11 | F54: 88446 | G54: 0.37931034 | H54: 98 | I54: 452034880 | J54: 6 | K54: 1 | L54: 0 | M54: 0 | N54: 7 | O54: 77 | P54: 68 | Q54: 1 | R54: 0
A55: =IF(B55="","",TEXT(B55,"dddd")) -> jueves | B55: 46149 | C55: 25 | D55: 90953782 | E55: 6 | F55: 48262 | G55: 0.24 | H55: 53 | I55: 166173662 | J55: 13 | K55: 4 | L55: 0 | M55: 0 | N55: 12 | O55: 49 | P55: 42 | Q55: 0 | R55: 0
A56: =IF(B56="","",TEXT(B56,"dddd")) -> viernes | B56: 46150 | C56: 16 | D56: 50309000 | E56: 6 | F56: 48270 | G56: 0.375 | H56: 94 | I56: 366459783 | J56: 11 | K56: 4 | L56: 0 | M56: 0 | N56: 10 | O56: 34 | P56: 41 | Q56: 1 | R56: 0
A57: =IF(B57="","",TEXT(B57,"dddd")) -> lunes | B57: 46153 | C57: 18 | D57: 70200000 | E57: 7 | F57: 56376 | G57: 0.38888889 | H57: 89 | I57: 230182745 | J57: 8 | K57: 0 | L57: 0 | M57: 0 | N57: 10 | O57: 34 | P57: 38 | Q57: 0 | R57: 0
A58: =IF(B58="","",TEXT(B58,"dddd")) -> martes | B58: 46154 | C58: 19 | D58: 82295000 | E58: 5 | F58: 40288 | G58: 0.26315789 | H58: 107 | I58: 499025555 | J58: 8 | K58: 4 | L58: 0 | M58: 0 | N58: 4 | O58: 58 | P58: 42 | Q58: 0 | R58: 0
A59: =IF(B59="","",TEXT(B59,"dddd")) -> miércoles | B59: 46155 | C59: 10 | D59: 40630000 | E59: 2 | F59: 16126 | G59: 0.2 | H59: 96 | I59: 421754162 | J59: 12 | K59: 5 | L59: 0 | M59: 0 | N59: 11 | O59: 39 | P59: 24 | Q59: 1 | R59: 0
A60: =IF(B60="","",TEXT(B60,"dddd")) -> jueves | B60: 46156 | C60: 13 | D60: 40579000 | E60: 5 | F60: 40318 | G60: 0.38461538 | H60: 79 | I60: 267057708 | J60: 12 | K60: 2 | L60: 0 | M60: 0 | N60: 3 | O60: 24 | P60: 27 | Q60: 0 | R60: 0
A61: =IF(B61="","",TEXT(B61,"dddd")) -> viernes | B61: 46157 | C61: 17 | D61: 45820000 | E61: 4 | F61: 32299 | G61: 0.23529412 | H61: 83 | I61: 309204912 | J61: 10 | K61: 1 | L61: 0 | M61: 0 | N61: 4 | O61: 32 | P61: 32 | Q61: 0 | R61: 0
A62: =IF(B62="","",TEXT(B62,"dddd")) -> lunes | B62: 46160 | C62: 21 | D62: 97850000 | E62: 8 | F62: 64626 | G62: 0.38095238 | H62: 76 | I62: 314841008 | J62: 10 | K62: 5 | L62: 0 | M62: 0 | N62: 4 | O62: 33 | P62: 27 | Q62: 0 | R62: 0
A63: =IF(B63="","",TEXT(B63,"dddd")) -> martes | B63: 46161 | C63: 12 | D63: 32080000 | E63: 3 | F63: 24246 | G63: 0.25 | H63: 85 | I63: 340454337 | J63: 8 | K63: 5 | L63: 0 | M63: 0 | N63: 4 | O63: 39 | P63: 32 | Q63: 0 | R63: 0
... A70: =IF(B70="","",TEXT(B70,"dddd")) -> viernes | B70: 46171 | C70: 71 | D70: 262829000 | E70: 18 | F70: 146022 | G70: 0.25352113 | H70: 164 | I70: 757027849 | J70: 4 | K70: 1 | L70: 0 | M70: 0 | N70: 3 | O70: 71 | P70: 57 | Q70: 0 | R70: 0
B71: Acumulado | C71: =SUM(C52:C70) -> 455 | D71: =SUM(D52:D70) -> 1659386282 | E71: =SUM(E52:E70) -> 138 | F71: =SUM(F52:F70) -> 1113866 | G71: =IFERROR(AVERAGE(G52:G70),0) -> 0.28847202 | H71: =SUM(H52:H70) -> 1682 | I71: =SUM(I52:I70) -> 7395772061 | J71: =SUM(J52:J70) -> 148 | K71: =SUM(K52:K70) -> 42 | L71: =SUM(L52:L70) -> 0 | M71: =SUM(M52:M70) -> 0 | N71: =SUM(N52:N70) -> 129 | O71: =SUM(O52:O70) -> 711 | ... R71: =SUM(R52:R70) -> 0
A73: FACTURACIÓN Y PROYECCIÓN A FIN DE MES | J73: COMPARATIVO MES ANTERIOR vs PROYECCIÓN
A75: Producto | B75: Q a la fecha | C75: Monto $ a la fecha | D75: Facturación S/IVA a la fecha | E75: Facturación C/IVA a la fecha | F75: Proyección Q fin de mes | G75: Proyección Facturación S/IVA | H75: Proyección Facturación C/IVA | J75: Producto | K75: Mes Anterior (Mayo) C/IVA | L75: Proyección Mes Actual (Junio) C/IVA | M75: Δ Absoluto | N75: Δ %
A76: AVANCE EXTERNO | B76: =C44 -> 21 | C76: =D44 -> 103175000 | D76: =B76*I5 -> 272449.43 | E76: =B76*J5 -> 324214.82 | F76: =IFERROR(B76/$B$9*$B$7,0) -> 441 | G76: =F76*I5 -> 5721438 | H76: =F76*J5 -> 6808511.3 | J76: AVANCE EXTERNO | K76: =C71*J5 -> 7024654.5 | L76: =H76 -> 6808511.3 | M76: =L76-K76 -> -216143.21 | N76: =IFERROR(M76/K76,0) -> -0.030769231
A77: SEG. DESGRAVAMEN | B77: =E44 -> 9 | C77: =F44 -> 73040 | D77: =B77*I6 -> 98121.043 | E77: =B77*J6 -> 116764.04 | F77: =IFERROR(B77/$B$9*$B$7,0) -> 189 | G77: =F77*I6 -> 2060541.9 | H77: =F77*J6 -> 2452044.9 | J77: SEG. DESGRAVAMEN | K77: =E71*J6 -> 1790382 | L77: =H77 -> 2452044.9 | M77: =L77-K77 -> 661662.9 | N77: =IFERROR(M77/K77,0) -> 0.36956522
A78: PAGO FLEXIBLE | B78: =H44 -> 27 | C78: =I44 -> 113386875 | D78: =B78*I7 -> 344818.81 | E78: =B78*J7 -> 410334.38 | F78: =IFERROR(B78/$B$9*$B$7,0) -> 567 | G78: =F78*I7 -> 7241195 | H78: =F78*J7 -> 8617022.1 | J78: PAGO FLEXIBLE | K78: =H71*J7 -> 25562312 | L78: =H78 -> 8617022.1 | M78: =L78-K78 -> -16945290 | N78: =IFERROR(M78/K78,0) -> -0.66290131
A79: PLAN ZERO OPERA | B79: =J44 -> 5 | D79: =B79*I8 -> 101357.68 | E79: =B79*J8 -> 120615.63 | F79: =IFERROR(B79/$B$9*$B$7,0) -> 105 | G79: =F79*I8 -> 2128511.2 | H79: =F79*J8 -> 2532928.3 | J79: PLAN ZERO OPERA | K79: =J71*J8 -> 3570222.7 | L79: =H79 -> 2532928.3 | M79: =L79-K79 -> -1037294.4 | N79: =IFERROR(M79/K79,0) -> -0.29054054
A80: PLAN ZERO PER | B80: =K44 -> 2 | D80: =B80*I9 -> 64868.912 | E80: =B80*J9 -> 77194.005 | F80: =IFERROR(B80/$B$9*$B$7,0) -> 42 | G80: =F80*I9 -> 1362247.2 | H80: =F80*J9 -> 1621074.1 | J80: PLAN ZERO PER | K80: =K71*J9 -> 1621074.1 | L80: =H80 -> 1621074.1 | M80: =L80-K80 -> 0 | N80: =IFERROR(M80/K80,0) -> 0
A81: PER | B81: =N44 -> 4 | D81: =B81*I10 -> 41156.327 | E81: =B81*J10 -> 48976.029 | F81: =IFERROR(B81/$B$9*$B$7,0) -> 84 | G81: =F81*I10 -> 864282.86 | H81: =F81*J10 -> 1028496.6 | J81: PER | K81: =N71*J10 -> 1579476.9 | L81: =H81 -> 1028496.6 | M81: =L81-K81 -> -550980.32 | N81: =IFERROR(M81/K81,0) -> -0.34883721
A82: TC TITULAR | B82: =O44 -> 28 | D82: =B82*I11 -> 681123.58 | E82: =B82*J11 -> 810537.06 | F82: =IFERROR(B82/$B$9*$B$7,0) -> 588 | G82: =F82*I11 -> 14303595 | H82: =F82*J11 -> 17021278 | J82: TC TITULAR | K82: =O71*J11 -> 20581852 | L82: =H82 -> 17021278 | M82: =L82-K82 -> -3560573.5 | N82: =IFERROR(M82/K82,0) -> -0.17299578
A83: TC ADICIONAL | B83: =P44 -> 8 | D83: =B83*I12 -> 227041.19 | E83: =B83*J12 -> 270179.02 | F83: =IFERROR(B83/$B$9*$B$7,0) -> 168 | G83: =F83*I12 -> 4767865 | H83: =F83*J12 -> 5673759.4 | J83: TC ADICIONAL | K83: =P71*J12 -> 22255997 | L83: =H83 -> 5673759.4 | M83: =L83-K83 -> -16582237 | N83: =IFERROR(M83/K83,0) -> -0.74506829
A84: TC DIGITAL | B84: =Q44 -> 0 | D84: =B84*I13 -> 0 | E84: =B84*J13 -> 0 | F84: =IFERROR(B84/$B$9*$B$7,0) -> 0 | G84: =F84*I13 -> 0 | H84: =F84*J13 -> 0 | J84: TC DIGITAL | K84: =Q71*J13 -> 202634.26 | L84: =H84 -> 0 | M84: =L84-K84 -> -202634.26 | N84: =IFERROR(M84/K84,0) -> -1
A85: TC TSYS | B85: =R44 -> 0 | D85: =B85*I14 -> 0 | E85: =B85*J14 -> 0 | F85: =IFERROR(B85/$B$9*$B$7,0) -> 0 | G85: =F85*I14 -> 0 | H85: =F85*J14 -> 0 | J85: TC TSYS | K85: =R71*J14 -> 0 | L85: =H85 -> 0 | M85: =L85-K85 -> 0 | N85: =IFERROR(M85/K85,0) -> 0
A86: SUBTOTAL | B86: =SUM(B76:B85) -> 104 | C86: =SUM(C76:C85) -> 216634915 | D86: =SUM(D76:D85) -> 1830937 | E86: =SUM(E76:E85) -> 2178815 | F86: =SUM(F76:F85) -> 2184 | G86: =SUM(G76:G85) -> 38449676 | H86: =SUM(H76:H85) -> 45755115 | J86: SUBTOTAL PRODUCTOS | K86: =SUM(K76:K85) -> 84188605 | L86: =SUM(L76:L85) -> 45755115 | M86: =L86-K86 -> -38433490 | N86: =IFERROR(M86/K86,0) -> -0.45651654
A88: (+) Pago WEB extra | G88: =$B$11 -> 10000000 | H88: =$B$11 -> 10000000 | J88: (+) Pago WEB | K88: =$B$11 -> 10000000 | L88: =$B$11 -> 10000000 | M88: =L88-K88 -> 0
A89: (+) Pago Backoffice | G89: =$B$10 -> 8000000 | H89: =$B$10 -> 8000000 | J89: (+) Pago Backoffice | K89: =$B$10 -> 8000000 | L89: =$B$10 -> 8000000 | M89: =L89-K89 -> 0
A90: TOTAL PROYECTADO | G90: =G86+G88+G89 -> 56449676 | H90: =H86+H88+H89 -> 63755115 | J90: TOTAL | K90: =K86+K88+K89 -> 1.0218861e+08 | L90: =L86+L88+L89 -> 63755115 | M90: =L90-K90 -> -38433490 | N90: =IFERROR(M90/K90,0) -> -0.37610348
